Dataseed	use_training_form	n_task_use_aug	n_version	nbands	dataset_kwargs	use_full_mfcc	preprocess_wavs	test_operators	RF(20,half,all)K	RF(20,half,all)accuracy	RF(20,half,all)safe_macro_sensitivity	RF(20,half,all)safe_macro_specificity	RF(20,half,all)safe_macro_PPV	RF(20,half,all)safe_macro_NPV	RF(20,half,all)safe_macro_F1	RF(20,half,all)oob_error	RF(20,half,all)σ² K	RF(20,half,all)σ² accuracy	RF(20,half,all)σ² safe_macro_sensitivity	RF(20,half,all)σ² safe_macro_specificity	RF(20,half,all)σ² safe_macro_PPV	RF(20,half,all)σ² safe_macro_NPV	RF(20,half,all)σ² safe_macro_F1	RF(20,half,all)σ² oob_error	RF(20,half,all)t	
1	stump_with_memoization	(1,false)	1	20	(240,200)	false	Any[]	TestOp_80	45.71	72.86	67.14	78.57	76.06	70.84	71.08	32.89	0.009821428571428575	0.0024553571428571437	0.007270408163265305	0.004464285714285711	0.0037032139577594138	0.003707643488232038	0.003185004070066957	0.00021888996208989885	105.107	
2	stump_with_memoization	(1,false)	1	20	(240,200)	false	Any[]	TestOp_80	40.71	70.36	68.57	72.14	71.12	69.67	69.81	33.27	0.00038265306122449184	9.566326530612296e-5	0.00025510204081632634	0.00025510204081632634	0.0001402635712770017	0.00011725593923657412	0.00011212424295637386	4.307306758555891e-5	90.336	
3	stump_with_memoization	(1,false)	1	20	(240,200)	false	Any[]	TestOp_80	34.29	67.14	49.29	85.0	77.02	62.69	59.9	27.46	0.0054846938775510185	0.0013711734693877544	0.003443877551020407	0.0028061224489795934	0.004601031086488152	0.0008862179086118064	0.002563062126721246	0.00032157832095284773	96.323	
